Dainhon Jochugiku Co. Ltd.,Educational Foundation Nihon University
Universite de Bordeaux 1,Centre Hospitalier Universitaire De Besancon
Shanghai Biomodel Organism Science & Technology Co. Ltd.,Shanghai Research Center for Model Organisms
Reata Pharmaceuticals Inc.,Trustees of Dartmouth College
GENTEX CORPORATION,Icahn School of Medicine at Mount Sinai
GENTEX CORPORATION,Optein Inc.
Health Research Inc.,The Regents of The University of Michigan
Health Research Inc.,Research Foundation of State University of New York
ST. MICHAEL'S HOSPITAL,KING SAUD UNIVERSITY
Children's Medical Center Corporation,The Trustees of Columbia University in the City of New York
Children's Medical Center Corporation,Institut Pasteur
Children's Medical Center Corporation,The General Hospital Corporation
The University of North Carolina at Chapel Hill,The Regents of The University of Michigan
The University of North Carolina at Chapel Hill,Rensselaer Polytechnic Institute
The University of North Carolina at Chapel Hill,The United States of America as represented by the Secretary Department of Health & Human Services
The University of North Carolina at Chapel Hill,The Progeria Research Foundation Inc.
The University of North Carolina at Chapel Hill,Entegrion Inc
The United States of America as represented by the Secretary of the Navy ,University of Mississippi
The United States of America as represented by the Secretary of the Navy ,BioGuard Research and Development Inc.
The United States of America as represented by the Secretary of the Navy ,Alnylam Pharmaceuticals
Yichang Changjiang Pharmaceutical Co. Ltd.,SUNSHINE LAKE PHARMA CO. LTD.
Astex Therapeutics Limited,The Institute of Cancer Research; Royal Cancer Hospital
Astex Therapeutics Limited,Cancer Research Technology Limited
Limagrain Europe S.A.,KWS SAAT AG
Alaxia SAS,Stragen Pharma SA.
Ultizyme International Ltd.,Roche Diagnostics Operations Inc.
Ultizyme International Ltd.,ARKRAY Inc.
Bristol-Myers Squibb Company,Domantis Limited
Bristol-Myers Squibb Company,Pfizer Inc.
Bristol-Myers Squibb Company,Albany Molecular Research Inc.
MUSC FOUNDATION FOR RESEARCH DEVELOPMENT,Medical University of South Carolina
MUSC FOUNDATION FOR RESEARCH DEVELOPMENT,Curators of the University of Missouri 
National Institute of Advanced Industrial Science and Technology,National Center for Global Health and Medicine
National Institute of Advanced Industrial Science and Technology,Tohoku University
National Institute of Advanced Industrial Science and Technology,Nagoya University
National Institute of Advanced Industrial Science and Technology,Sysmex Corporation
Human Metabolome Technologies Inc.,Sysmex Corporation
Colorado State University Research Foundation,UNIVERSITY OF NOTRE DAME
Colorado State University Research Foundation,Dana-Farber Cancer Institute Inc.
Colorado State University Research Foundation,Brigham Young University
Colorado State University Research Foundation,Children's Hospital Medical Center of Cincinnati Ohio
AbbVie Inc.,AbbVie Deutschland GmbH & Co. KG
AbbVie Inc.,The Walter and Eliza Hall Institute of Medical Research
AbbVie Inc.,Genentech Inc.
GP Medical Inc.,National Chiao Tung University
Genethon,INSERM ( Institut National de la Sante et de la Recherche Medicale)
Genethon,C.N.R.S. Centre National de la Recherche Scientifique
Genethon,ASSISTANCE PUBLIQUE HOPITAUX DE PARIS
Genethon,Centre National de la Recherche Scientifique (CNRS)
Genethon,Universite Paris Descartes
Genethon,Universite d'Evry-Val-d'Essonne
Genethon,ENSCP—Chimie ParisTech—Ecole Nationale Superieure de Chimie de Paris
Governing Council of the University of Toronto,Tufts University 
Governing Council of the University of Toronto,UNIVERISTY HEALTH NETWORK
PERAK STATE DEVELOPMENT CORPORATION,NIMURA GENETIC SOLUTIONS CO. LTD.
PERAK STATE DEVELOPMENT CORPORATION,OLYMPUS CORPORATION
Merck Sharp & Dohme Ltd.,Merck Sharp & Dohme Corp.
Varian Medical Systems Inc.,The Arizona Board of Regents on behalf of the University of Arizona
Samsung Electronics Co. Ltd.,Industry -University Coorperation Foundation Sogang University
Terumo Cardiovascular Systems,Olympus Medical Systems Corp.
Tokyo Institute of Technology,Tamagawa Seiki Kabushiki Kaisha
New York University,Aria Neurosciences Inc.
Cancer Research Technology Limited,Vernalis (R&D) Ltd.
Cancer Research Technology Limited,The Institute of Cancer Research; Royal Cancer Hospital
Cancer Research Technology Limited,The Institute of Cancer Research
Toshiba Medical Systems Corporation,Kabushiki Kaisha Toshiba
Toshiba Medical Systems Corporation,Tokai University Educational System
Johns Hopkins Univ. ,Kennedy Krieger Institute Inc.
Johns Hopkins Univ. ,St. Jude Children's Research Hospital
The Broad Institute Inc.,The General Hospital Corporation
The Broad Institute Inc.,Massachusetts Institute of Technology
Applied Molecular Evolution Inc.,Janssen Biotech Inc.
Sun Medical Technology Research Corporation,Tohoku University
ETH Zürich,Swissgenetics
Accuray Inc.,McQ Inc.
MediGene AG,Deutsches Krebsforschungszentrum Stiftung Des Oeffentlichen Rechts
Leiden University,Trustees of Dartmouth College
Wayne State University,Duquesne University of the Holy Ghost
Pioneer Hi Bred International Inc,E. I. du Pont de Nemours and Company
Axys Pharmaceuticals Inc.,Merck Frosst Canada Inc.
Ben-Gurion University of the Negev Research and Development Authority,Mor Research Applications Ltd.
Rinat Neuroscience Corp.,Regents of the University of Minnesota
University of Massachusetts,Medarex L.L.C.
University of Massachusetts,The United States of America as represented by the Secretary Department of Health & Human Services
Korea Research Institute of Chemical Technology,Rexahn Pharmaceuticals Inc.
Korea Research Institute of Chemical Technology,Korea Advanced Institue of Science & Technology
Cornell Research Foundation Inc.,The United States of America as represented by the Department of Energy
Cornell Research Foundation Inc.,The Regents of the University of California
K Spine Inc.,Albany Medical College
Boston Brace,Children's Hospital Boston
Brigham Young University,Children's Hospital Medical Center of Cincinnati Ohio
Brigham Young University,University of Utah Research Foundation
University of Windsor,Henry Ford Hospital
The University of Tokyo,Bruker BioSpin GmbH
The University of Tokyo,Showa Denko K.K.
FUJIFILM Corporation,National University Corporation Tokyo Medical and Dental University
Chevron U.S.A. Inc.,Georgia Tech Research Corp.
Chongquing Institute of Ecological Materia Medica Co. Ltd,Phynova Limited
The Rockefeller University,The Scripps Research Institute
Vitae Pharmaceuticals Inc./Boehringer-Ingelheim,Boehringer-Ingelheim International GmbH
Les Laboratoires Servier,Egis Gyogyszergyar
Les Laboratoires Servier,Pharmacyclics Inc.
Bio-Lab Inc.,Accupath Diagnostic Laboratories Inc.
Nagoya University,National Center for Global Health and Medicine
Nagoya University,Sysmex Corporation
Centre National de la Recherche Scientifique (CNRS),Institut Gustave Roussy
Centre National de la Recherche Scientifique (CNRS),UNIVERSITÉ DE STRASBOURG
Centre National de la Recherche Scientifique (CNRS),Northeastern University
Centre National de la Recherche Scientifique (CNRS),BASF BEAUTY Care Solutions France S.A.S.
Centre National de la Recherche Scientifique (CNRS),Universite Paris SUD
Centre National de la Recherche Scientifique (CNRS),Elicityl
Centre National de la Recherche Scientifique (CNRS),Institut Pasteur
Centre National de la Recherche Scientifique (CNRS),VECT-HORUS
Centre National de la Recherche Scientifique (CNRS),AB Science
Centre National de la Recherche Scientifique (CNRS),Institut National de la Sante et de la Recherche Medicale (Inserm)
Centre National de la Recherche Scientifique (CNRS),UNIVERSITE  D 'AIX-MARSEILLE
Centre National de la Recherche Scientifique (CNRS),Universite Paris Sud XI
Centre National de la Recherche Scientifique (CNRS),Palumed S.A.
Centre National de la Recherche Scientifique (CNRS),MERIAL INC.
Centre National de la Recherche Scientifique (CNRS),Merial Limited
Centre National de la Recherche Scientifique (CNRS),THERAVECTYS
Centre National de la Recherche Scientifique (CNRS),Universite Montpellier 2 Sciences et Techniques
Centre National de la Recherche Scientifique (CNRS),Institut National de la Santé et de la Recherche Médicale
Centre National de la Recherche Scientifique (CNRS),Institut Curie
Centre National de la Recherche Scientifique (CNRS),COMMISSARIAT A L'ENERGIE ATOMIQUE ET AUX ENERGIES ALTERNATIVES
Millennium Pharmaceuticals Inc.,Sunesis Pharmaceuticals Inc.
Bowen Engineering Corporation,Purdue Research Foundation
Carebay Holding Ltd.,Itero Biopharmaceuticals Inc.
MonoSol LLC,Midatech Limited
National Health Research Institutes,National Chiao Tung University
Saint Louis University ,Medibotics LLC
Ustav Experimentalni Mediciny Akademie Ved CR V.V.I.,Ustav Organicke Chemie a Biochemie Akademie Ved CR V.V.I.
Academisch Ziekenhuis Leiden,Prosensa Technologies B.V.
DCB-USA LLC,Development Center for Biotechnology
E. I. du Pont de Nemours and Company,Pioneer Hi-Bred International Inc.
E. I. du Pont de Nemours and Company,Alliance for Sustainable Energy LLC
Brigham and Women's Hospital,The Regents of The University of Michigan
Brigham and Women's Hospital,Trustees of Boston University
Brigham and Women's Hospital,The President and Fellows of Harvard College
Brigham and Women's Hospital,Whitehead Institute for Biomedical Research 
Brigham and Women's Hospital,Tufts University 
Ramot at Tel Aviv University Ltd.,Bar-Ilan University
The General Hospital Corporation,Massachusetts Institute of Technology
The General Hospital Corporation,The Charles Stark Draper Laboratory Inc.
The General Hospital Corporation,Dana-Farber Cancer Institute Inc.
The General Hospital Corporation,Cambridge Polymer Group Inc.
GlobelImmune Inc.,The Regents of the University of Colorado
University of Tennessee Research Foundation,UT-Battelle LLC
Array BioPharma Inc.,Genetech Inc.
Watanabe Oyster Laboratory Co. Ltd.,National University Corporation Nagoya University
DePuy Synthes Products LLC,Purdue Research Foundation
DePuy Synthes Products LLC,Musculoskeletal Transplant Foundation
Huazhong University of Science and Technology,Nhwa Pharma. Corporation
Stryker Corporation,Stryker NV Operations Limited
Fidopharm Inc.,Omnipharm Limited
California Institute of Technology,INDI MOLECULAR INC.
California Institute of Technology,SANOFI
California Institute of Technology,University of Southern California
Taivex Therapeutics Corporation,Development Center for Biotechnology
CONTRAMED LLC,YALE UNIVERSITY
Scott & White Healthcare (SWH),The Texas A&M University System
Massachusetts Institute of Technology,Universidade Federal de Paraiba
Massachusetts Institute of Technology,Whitehead Institute
Massachusetts Institute of Technology,Trustees of Boston University
Massachusetts Institute of Technology,The Scripps Research Institute
Massachusetts Institute of Technology,Mount Sinai School of Medicine 
Massachusetts Institute of Technology,Sanofi Pasteur Vaxdesign Corp.
Massachusetts Institute of Technology,Dana-Farber Cancer Institute Inc.
Massachusetts Institute of Technology,Whitehead Institute for Biomedical Research 
Astar Biotech LLC,Beta Pharma Canada Inc.
American Registry of Pathology,The United States of America as Represented by the Secretary of Defense on behalf of the Armed Forces Institute of Pathology
American Registry of Pathology,The United States of America as represented by the Department of Energy
EHIME UNIVERSITY,Otsuka Pharmaceutical Co. Ltd.
Merck Patent GmbH,Sachtleben Chemie GmbH
Pharmacopeia Drug Discovery Inc.,Merck Sharp & Dohme Corp.
Universite Montpellier 2 Sciences et Techniques,Institut National de la Sante et de la Recherche Medicale (Inserm)
NDD Inc.,Fuzbien Technology Institute Inc.
NDD Inc.,IM Healthcare Co. Ltd.
Bayer Intellectual Property GmbH,Bayer Pharma Aktiengesellschaft
Purdue Pharma L.P.,Shionogi & Co. Ltd.
NanoVir LLC,Curators of the University of Missouri 
CSL LIMITED,The University of Melbourne
Institut National de la Santé et de la Recherche Médicale,Institut Pasteur
Board of Regents University of Texas System,Mayo Foundation for Medical Education and Research
Board of Regents University of Texas System,Neogenis Labs Inc.
Board of Regents University of Texas System,MICROTRANSPONDER INC.
Board of Regents University of Texas System,MedImmune LLC
Board of Regents University of Texas System,University of Houston System
Board of Regents University of Texas System,Emory University
Board of Regents University of Texas System,Apollo Endosurgery Inc.
Board of Regents University of Texas System,Auburn University
Board of Regents University of Texas System,The Regents of the University of California
Nippoh Chemicals Co. Ltd.,Cosmos Technical Center Co. Ltd.
Siena Biotech S.p.A.,Hoffmann-La Roche Inc.
University of South Florida,The United States of America as represented by the Department of Energy
NorthShore University HealthSystem,Northeastern University
Academic Hospital Maastricht,Maastricht University
National Taiwan University,Industrial Technology Research Institute
Pioneer Hi-Bred International Inc.,The Regents of the University of California
The President and Fellows of Harvard College,Trustees of Boston University
The President and Fellows of Harvard College,Tufts University 
The President and Fellows of Harvard College,Whitehead Institute for Biomedical Research 
The President and Fellows of Harvard College,Medical Research Council
Johnson & Johnson,McNeil-PPC Inc.
AIRPOT CORPORATION,For the Board of Supervisors of Louisiana State University and Agricultural and Mechanical College acting on behalf of Louisiana State University Health Sciences Center at Shreveport
Musco Corporation,Curators of the University of Missouri 
Kia Motors Corp.,SNU R&DB FOUNDATION
Kia Motors Corp.,Hyundai Dymos Incorporated
Kia Motors Corp.,Hyundai Motor Company
The United States of America represented by the Department of Health and Human Services ,The Regents of the University of California
Bavarian Nordic A/S,Otto-von-Guericke-Universität
Bavarian Nordic A/S,SARTORIUS STEDIM BIOTECH GMBH
Shionogi & Co. Ltd.,ViiV Healthcare Company
Institut Gustave Roussy,Merial Limited
Institut Gustave Roussy,Universite Paris Sud XI
Institut Gustave Roussy,MERIAL INC.
Institut Gustave Roussy,Universite Paris SUD
Curators of the University of Missouri ,Medical University of South Carolina
Mitsui Chemicals Inc.,HOKUSHIN CO. LTD
U.S. Dept. of Health and Human Services (DHHS),The United States of America as represented by the National Institute of Standards and Technology
U.S. Dept. of Health and Human Services (DHHS),Siemens Medical Solutions USA Inc.
Fresno California State University,Fullerton California State University
AMBRX INC.,Eli Lilly and Company
OTONOMY INC.,The Regents of the University of California
Anacor Pharmaceuticals Inc.,Eli Lilly and Company
THERAVECTYS,Institut Pasteur
University of Bath,The Regents of The University of Michigan
Shanghai Yingli Science and Technology Co. Ltd,Shanghai Chempartner Co. Ltd
Sinochem Corporation,Shenyang Research Institute of Chemical Industry Co. Ltd.
TECHNISCHE UNIVERSITAT GRAZ,AT&S AUSTRIA TECHNOLOGIE & SYSTEMTECHNIK AKTIENGESELLSCHAFT
TECHNISCHE UNIVERSITAT GRAZ,Medical University of Graz
TECHNISCHE UNIVERSITAT GRAZ,Heraeus Medical GmbH
Fancl Corporation,The Scotts Company LLC
Nunhems B.V.,Laboratoire 3 S
Regulus Therapeutics Inc.,Rosetta Genomics Ltd.
Omron Corporation,UNIVERSITY OF LEICESTER
Kowa Company Ltd.,Josai University Educational Corporation
AMGEN INC.,Medarex Inc.
AMGEN INC.,The United States of America as represented by the Secretary Department of Health & Human Services
Pola Pharma Inc.,Nihon Nohyaku Co. Ltd.
Biogen Idec Inc.,UCB BIOPHARMA SPRL
Tokai University Educational System,Toyo Advanced Technologies Co Ltd.
Tokai University Educational System,Japan Stent Technology Co. Ltd
Tokai University Educational System,Hiroo Iwata Institute for Frontier Medical Sciences Kyoto University
Medical University of Graz,Heraeus Medical GmbH
Medical University of Graz,AT&S AUSTRIA TECHNOLOGIE & SYSTEMTECHNIK AKTIENGESELLSCHAFT
Department of Veterans Affairs,The Board of Trustees of the Leland Stanford Junior University
Nanocopoeia Inc.,Louisiana State University Health Sciences Center Office of Research
The United States Government as Represented by the Department of Veterans Affairs,Oregon Health & Science University
Hyundai Motor Company,SNU R&DB FOUNDATION
Hyundai Motor Company,Hyundai Dymos Incorporated
Siemens Schweiz AG,Université de Lausanne
The Tokyo Metropolitan Institute of Medical Science,ALTIF Laboratories Inc.
Innara Health Inc.,The University of Kansas 
TAIHO PHARMACEUTICAL CO. LTD.,Toyama Chemical Co. Ltd.
Marquette University ,UWM Research Foundation Inc.
Tokyo Medical University,NEC Corporation
BlueSky Medical Group Incorporated,Smith & Nephew Inc.
Insera Therapeutics Inc.,Calando Pharmaceuticals Inc.
Insera Therapeutics Inc.,Cerulean Pharma Inc.
Universite Paris Diderot-Paris 7,Inserm (Institut National de la Sante et de la Recherche Medicale)
Universite Paris Diderot-Paris 7,The Regents of the University of California
Sanofi Pasteur Vaxdesign Corp.,The Scripps Research Institute
Sanofi Pasteur Vaxdesign Corp.,Whitehead Institute
Sanofi Pasteur Vaxdesign Corp.,Mount Sinai School of Medicine 
UNIVERSITE  D 'AIX-MARSEILLE,VECT-HORUS
Sapphire Energy Inc.,The Scripps Research Institute
Biomerieux S.A.,Universite Francois Rabelais de Tours
Hoffmann-La Roche Inc.,Genentech Inc.
National Cancer Center,Dainippon Sumitomo Pharma Co. Ltd.
Board of Regents of the University of Oklahoma,Children's Hospital Boston
Board of Regents of the University of Oklahoma,Nationwide Children's Hospital Inc.
ExonHit Therapeutics SA,Allergan Inc.
Albert Einstein Healthcare Network,The Trustees of the University of Pennsylvania
BIOCHROMATO INC.,Mie University
OLYMPUS CORPORATION,NIMURA GENETIC SOLUTIONS CO. LTD.
OLYMPUS CORPORATION,Olympus Medical Systems Corp.
Virginia Commonwealth University,Dignity Health
Virginia Commonwealth University,Research Triangle Institute
Fuzbien Technology Institute Inc.,IM Healthcare Co. Ltd.
Cephalon Inc.,The Trustees of the University of Pennsylvania
Massachusetts Eye and Ear Infirmary,Trustees of Boston University
Massachusetts Eye and Ear Infirmary,The Charles Stark Draper Laboratory Inc.
Massachusetts Eye and Ear Infirmary,The Brigham & Women's Hospital Inc.
Genexine Inc.,Postech Academy-Industry Foundation of Phohang University of Science and Technology (Postech)
Genexine Inc.,Postech Academy-Industry Foundation
Institut National de la Sante et de la Recherche Medicale (Inserm),Elicityl
Institut National de la Sante et de la Recherche Medicale (Inserm),COMMISSARIAT A L'ENERGIE ATOMIQUE ET AUX ENERGIES ALTERNATIVES
Dana-Farber-Cancer Institute Inc.,Novartis AG
Ecole Polytechnique Federale de Lausanne (EPFL),Universite de Rennes 1
Baxter International Inc.,Nektar Therapeutics
Baxter International Inc.,Baxter Healthcare S.A.
Baxter International Inc.,Emory University
Baxter International Inc.,Hyclone Labortories Inc.
Pfizer Inc.,Pfizer Products Inc.
Pfizer Inc.,Amgen Fremont Inc.
Pfizer Inc.,Codexis Inc.
Cotton Seed International Proprietary Limited,BAYER CROPSCIENCE AG
McMaster University,Hospital for Sick Children
SILVERGATE PHARMACAUTICALS INC.,The University of Kansas 
Catalyst Biosciences Inc.,Torrey Pines Institute for Molecular Studies
KANE BIOTECH INC.,University of Medicine and Dentistry of New Jersey
Kabushiki Kaisha Toshiba,TOSHIBA MATERIALS CO. LTD.
Northeastern University,UNIVERSITÉ DE STRASBOURG
Northeastern University,Hadasit Medical Research Services & Development Company Ltd.
Northeastern University,Merck Sharp & Dohme Corp.
Northeastern University,Beth Israel Deaconess Medical Center Inc.
Northeastern University,Intellect Neurosciences Inc.
Northeastern University,The Regents of the University of California
SANOFI,Inserm
SANOFI,The Regents of The University of Michigan
SANOFI,Mitsubishi Tanabe Pharma Corporation
Hiroo Iwata Institute for Frontier Medical Sciences Kyoto University,Toyo Advanced Technologies Co Ltd.
Hiroo Iwata Institute for Frontier Medical Sciences Kyoto University,Japan Stent Technology Co. Ltd
Rachiotek LLC,YALE UNIVERSITY
INSERM ( Institut National de la Sante et de la Recherche Medicale),C.N.R.S. Centre National de la Recherche Scientifique
INSERM ( Institut National de la Sante et de la Recherche Medicale),ASSISTANCE PUBLIQUE HOPITAUX DE PARIS
INSERM ( Institut National de la Sante et de la Recherche Medicale),Universite d'Evry-Val-d'Essonne
INSERM ( Institut National de la Sante et de la Recherche Medicale),Universite Paris Descartes
INSERM ( Institut National de la Sante et de la Recherche Medicale),ENSCP—Chimie ParisTech—Ecole Nationale Superieure de Chimie de Paris
Indiana University Research and Technology Corporation,Instituto di Ricerche di Biologia Molecolare P. Angeletti S.R.L.
Cook Medical Technologies LLC,Cook Biotech Incorporated
Cook Medical Technologies LLC,Oregon Health & Science University
National University Corporation Nagoya University,Josai University Corporation
National University Corporation Nagoya University,The Ritsumeikan Trust
National University Corporation Nagoya University,Tsumura & Co.
National University Corporation Nagoya University,Kowa Co. Ltd.
Sysmex Corporation,National Center for Global Health and Medicine
Institute for Research in Biomedicine,YALE UNIVERSITY
Institute for Research in Biomedicine,REGENERON PHARMACEUTICALS INC.
Texas State University,Telemedicine Up Close Inc.
Shandong Shanda Hospital for Reproductive Medicine Co. Ltd.,Shanghai Jiao Tong University
Shandong Shanda Hospital for Reproductive Medicine Co. Ltd.,SHANDONG UNIVERSITY
Hitachi Ltd.,Hitachi Medical Corporation
The Walter and Eliza Hall Institute of Medical Research,Genentech Inc.
The Trustees of the University of Pennsylvania,The Board of Trustees of the University of Illinois
University Hospitals of Cleveland,Diagnostic Hybrids Inc.
Saisei Mirai Clinic,The University of Tokushima
Advanced Cardiac Therapeutics Inc.,Meridian Medical Systems
AMX LLC,Cynapsus Therapeutics Inc.
SNU R&DB FOUNDATION,Hyundai Dymos Incorporated
SNU R&DB FOUNDATION,Ob Med
U.S. DEPARTMENT OF VETERANS AFFAIRS,University of Utah Research Foundation
Mochida Pharmaceutical Co. Ltd.,Merck Sharp & Dohme Corp.
Kyorin Pharmaceutical Co. Ltd.,Kissei Pharmaceutical Co. Ltd.
Universite d'Evry-Val-d'Essonne,C.N.R.S. Centre National de la Recherche Scientifique
Universite d'Evry-Val-d'Essonne,ASSISTANCE PUBLIQUE HOPITAUX DE PARIS
Universite d'Evry-Val-d'Essonne,Universite Paris Descartes
Universite d'Evry-Val-d'Essonne,ENSCP—Chimie ParisTech—Ecole Nationale Superieure de Chimie de Paris
Dynport Vaccine Company LLC,Health Protection Agency
The Penn State Research Foundation,The Regents of The University of Michigan
The Penn State Research Foundation,Thoratec Corporation
Hiroshima University,Afas Co. Ltd.
Research Foundation Itsuu Laboratory,Kemphys Inc.
Dignity Health,Research Triangle Institute
Medivir AB,Tibotec Pharmaceuticals Ltd.
Medivir AB,Janssen R&D Ireland
Toru Miyazaki,Dainippon Sumitomo Pharma Co. Ltd.
Aderis Pharmaceuticals Inc.,Keck Graduate Institute
Children's Hospital Boston,Nationwide Children's Hospital Inc.
Aegis Therapeutics LLC,The UAB Research Foundation
Carl Zeiss Vision International GmbH,Carl Zeiss Vision Inc.
Santaris Pharma A/S,Enzon Pharmaceuticals Inc.
Medarex Inc.,Aduro GVAX Inc.
Association Cardio-Monde,Institut Quimic de Sarria
Association Cardio-Monde,UNIVERSIDAD POLITECNICA DE VALENCIA
Association Cardio-Monde,Fundacio Institut d'Investigacio Sanitaria Germans Trias Pujol
Pharmacopeia Inc.,Merck Sharp & Dohme Corp.
HK Phlora Health Sci & Tech. Limited,Shenzhen Phlora Biotechnology Limited
Human Matrix Sciences LLC,Hospital for Sick Children
Novozymes Biopharma DIC A/S,Human Genome Sciences Inc.
University of Southern California,UT-Battelle LLC
University of Southern California,The Board of Trustees of the University of Arkansas
Pulmagen Therapeutics (Synergy) Limited,AstraZeneca AB
ProdiGene Inc.,Novartis AG
Juventas Therapeutics Inc.,The Cleveland Clinic Foundation
Hon Hai Precision Industry Co. Ltd.,Tsinghua University
Hon Hai Precision Industry Co. Ltd.,Fu Tai Hua Industry (Shenzhen) Co. Ltd.
Florida Memorial University,The University of Kansas 
Dana-Farber Cancer Institute Inc.,The United States of America as represented by the Secretary Department of Health & Human Services
Dana-Farber Cancer Institute Inc.,UNIVERSITY OF NOTRE DAME
Dana-Farber Cancer Institute Inc.,Whitehead Institute for Biomedical Research 
Institut Quimic de Sarria,UNIVERSIDAD POLITECNICA DE VALENCIA
Institut Quimic de Sarria,Fundacio Institut d'Investigacio Sanitaria Germans Trias Pujol
L'ASSISTANCE PUBLIQUE—HOPITAUX DE PARIS,Universite Paris Descartes
Genoscience Pharma SAS,Panmed Ltd.
Mitsubishi Metal Corporation,Mitsubishi-Kagaku Foods Corporation
Alliant Techsystems Inc.,EpicentRx Inc.
Alliant Techsystems Inc.,Radix Inc.
Merial Limited,Universite Paris SUD
Japanese Foundation for Cancer Research,LSIP LLC
Evonik Degussa GmbH,Forschungszentrum Julich GmbH
The Schepens Eye Research Institute,The Regents of the University of California
Ipsen Pharma S.A.S.,Radius Health Inc.
New Jersey Institute of Technology,ESSILOR INTERNATIONAL (COMPAGNIE GENERALE D'OPTIQUE
Precision Machinery Research & Development Center,Advanced Medical Devices Inc.
Biorep Technologies Inc.,University of Miami
THE OHIO STATE UNIVERSITY,IMMUNOMEDICS INC.
The United States of America as represented by the Secretary of the Air Force AFMCLO/JAZ,The Board of Trustees of the University of Illinois
The United States of America as represented by the Secretary of the Air Force AFMCLO/JAZ,Trustees of Tufts College
SARTORIUS STEDIM BIOTECH GMBH,Otto-von-Guericke-Universität
UNIVERSITÉ DE STRASBOURG,Novartis AG
Centre de Recherche Public de la Santé,Institute for Systems Biology
The United States of America as Represented by the Secretary of Defense on behalf of the Armed Forces Institute of Pathology,The United States of America as represented by the Department of Energy
The United States of America as represented by the Department of Energy,The Board of Trustees of the Leland Stanford Junior University
The United States of America as represented by the Department of Energy,The Roskamp Institute
The United States of America as represented by the Department of Energy,Oregon Health & Science University
The United States of America as represented by the Department of Energy,The Regents of the University of California
The University of Chicago,Bringham Young University
The University of Chicago,The Scripps Research Institute
Regents of the University of Minnesota,HealthPartners Research & Education
Regents of the University of Minnesota,Toyota Motor Engineering & Manufacturing North America Inc.
Regents of the University of Minnesota,Iowa State University Research Foundation Inc. 
Regents of the University of Minnesota,Toyota Motor Corporation
Cogiscan Inc.,Duke University
Novozymes A/s,NOVOZYMES INC.
Novozymes A/s,Novozymec North America Inc.
Georgia Tech Research Corp.,Emory University
J. Craig Venter Institute Inc.,Novartis AG
Toyota Motor Corporation,Toyota Motor Engineering & Manufacturing North America Inc.
Antisense Therapeutics Ltd,ISIS Pharmaceuticals Inc.
St. Vincent's Institute of Medical Research,Howard Florey Institute
Fundacio Institut d'Investigacio Sanitaria Germans Trias Pujol,UNIVERSIDAD POLITECNICA DE VALENCIA
The Board of Trustees of the University of Illinois,Spectrum Pharmaceuticals Inc.
The Board of Trustees of the University of Illinois,Trustees of Tufts College
Asahi Glass Company Limited,Kaken Pharmaceutical Co. Ltd.
STC.UNM,The University of Kansas 
The University of Kansas ,The Regents of The University of Michigan
The University of Kansas ,Case Western Reserve University
Kimron Veterinary Institute,Institut Pasteur
Trustees of Boston University,Tufts University 
Gilead Sciences Inc.,Gerhard Puerstinger
Gilead Sciences Inc.,K.U. Leuven Research & Development
University of Washington,Insilicos LLC
University of Washington,The United States of America as represented by the Secretary Department of Health & Human Services
University of Washington,Whitehead Institute for Biomedical Research 
University of Washington,Vical Incorporated
Glenveigh Pharmaceuticals LLC,CDA Royalty Investors LLC
Hoffman-La Roche Inc.,Plexxikon Inc.
Cellzome Ltd.,Janssen Pharmaceutica NV
The Cleveland Clinic Foundation,IXYS Corporation
The Cleveland Clinic Foundation,Cleveland BioLabs Inc.
Vernalis (R&D) Ltd.,The Institute of Cancer Research
The United States of America as represented by the Secretary Department of Health & Human Services,The Progeria Research Foundation Inc.
The United States of America as represented by the Secretary Department of Health & Human Services,Laboratoire HRA-Pharma
The United States of America as represented by the Secretary Department of Health & Human Services,Trustees of Dartmouth College
The United States of America as represented by the Secretary Department of Health & Human Services,The Regents of The University of Michigan
The United States of America as represented by the Secretary Department of Health & Human Services,RUTGERS THE STATE UNIVERSITY OF NEW JERSEY
The United States of America as represented by the Secretary Department of Health & Human Services,Applied Biosystems LLC
The Trustees of Princeton University,NEW YORK SOCIETY FOR THE RUPTURED AND CRIPPLED MAINTAINING THE HOSPITAL FOR SPECIAL SURGERY
The Trustees of Princeton University,The Texas A&M University System
Omron Healthcare Co. Ltd.,Jichi Medical University
The Texas A&M University System,NEW YORK SOCIETY FOR THE RUPTURED AND CRIPPLED MAINTAINING THE HOSPITAL FOR SPECIAL SURGERY
NINGBO UNIVERSITY,Rikkyo Gakuin
Microbial Chemistry Research Foundation,Meiji Seika Pharma Co. Ltd.
Trigemina Inc.,HealthPartners Research & Education
Trigemina Inc.,The Board of Trustees of the Leland Stanford Junior University
Sangamo Biosciences Inc.,The Regents of the University of California
Active Biotech AB,Teva Pharmaceutical Industries Ltd.
Tohoku University,Seiko Epson Corporation
REGENERON PHARMACEUTICALS INC.,YALE UNIVERSITY
CYTOMX THERAPEUTICS INC.,The Regents of the University of California
The Progeria Research Foundation Inc.,The Regents of The University of Michigan
The University of Maryland,Ludwig Institute for Cancer Research Ltd.
The University of Maryland,The Regents of The University of Michigan
Advanced Telecommunications Research Institute International,Honda Motor Co. Ltd.
National Pingtung University of Science and Technology,INSTITUTE OF NUCLEAR ENERGY RESEARCH ATOMIC ENERGY COUNCIL Executive Yuan R.O.C.
GE Healthcare Dharmacon Inc.,Elitech Holding B.V.
University of Pittsburgh—of the Commonwealth System of Higher Education,University of Medicine and Dentistry of New Jersey
Toyama Prefecture,Ajinomoto Co. Inc.
Cytokinetics Inc.,Global Blood Therapeutics Inc.
Cytokinetics Inc.,The Regents of the University of California
Boehringer Ingelheim International GmbH,Vitae Pharmaceuticals Inc.
Cerulean Pharma Inc.,Calando Pharmaceuticals Inc.
Centro de Neurociencias e Biologia Celular,Universidade de Comibra
Immunosciences Lab. Inc.,Cyrex Laboratories LLC
Toyo Advanced Technologies Co Ltd.,Japan Stent Technology Co. Ltd
Excaliard Pharmaceuticals Inc,ISIS Pharmaceuticals Inc.
Syntaxin Ltd.,Allergan Inc.
Nippon Zoki Pharmaceuticals Co. Ltd.,Nagoya Industrial Science Research Institute
Decken Biotech Inc,bio-Trend Pharmaceutical Co. Ltd
Trustees of Dartmouth College,RUTGERS THE STATE UNIVERSITY OF NEW JERSEY
U.S. Department of Agriculture,Wisconsin Alumni Research Foundation
Siemens Medical Solutions USA Inc.,The United States of America as represented by the National Institute of Standards and Technology
Heraeus Medical GmbH,AT&S AUSTRIA TECHNOLOGIE & SYSTEMTECHNIK AKTIENGESELLSCHAFT
Daewoong Pharmaceutical Co. Ltd.,Medifron DBT Co. Ltd.
Alza Corporation,Incline Therapeutics Inc.
Monsanto Technology LLC,Stine Seed Farm Inc.
Tsinghua University,Hunan Rivers Biotechnology Co. Ltd.
University of Houston System,Baylor College of Medicine
Teikoku Seiyaku Kabushiki Kaisha,Teikoku Pharma USA Inc.
The University of North Carolina at Greensboro,United Arab Emirates University
Hospital for Sick Children,NEURALTUS PHARMACEUTICALS INC.
Beckman Coulter Inc.,UNIVERISTY HEALTH NETWORK
Hyun Bae,IXYS Corporation
Baxter Healthcare S.A.,Hyclone Labortories Inc.
Baxter Healthcare S.A.,Emory University
Baxter Healthcare S.A.,Nektar Therapeutics
Mount Sinai School of Medicine ,The Scripps Research Institute
Mount Sinai School of Medicine ,Whitehead Institute
University College Cardiff Consultants Limited,K.U. Leuven Research & Development
Universidade Estadual Paulista—UNESP,UNIVERSIDADE FEDERAL DO RIO DE JANEIRO—UFRJ
Universite Paris Descartes,C.N.R.S. Centre National de la Recherche Scientifique
Universite Paris Descartes,ASSISTANCE PUBLIQUE HOPITAUX DE PARIS
Universite Paris Descartes,ENSCP—Chimie ParisTech—Ecole Nationale Superieure de Chimie de Paris
ASSISTANCE PUBLIQUE HOPITAUX DE PARIS,C.N.R.S. Centre National de la Recherche Scientifique
ASSISTANCE PUBLIQUE HOPITAUX DE PARIS,ENSCP—Chimie ParisTech—Ecole Nationale Superieure de Chimie de Paris
HANANJA EHF,University of Portland
HealthPartners Research & Education,The Board of Trustees of the Leland Stanford Junior University
THE UNITED STATES OF AMERICA AS REPRESENTED BY THE DEPARTMENT OF VETERANS AFFAIRS OFFICE OF THE GENERAL COUNSEL,The Regents of the University of California
C.N.R.S. Centre National de la Recherche Scientifique,ENSCP—Chimie ParisTech—Ecole Nationale Superieure de Chimie de Paris
JOHANNES GUTENBERG-UNIVERSITAT MAINZ,GANYMED PHARMACEUTICALS AG
Owl biomedical Inc.,Innovative Micro Technology
Beth Israel Deaconess Medical Center Inc.,University of Alabama at Birmingham Research Foundation
Beth Israel Deaconess Medical Center Inc.,Duke University
Beth Israel Deaconess Medical Center Inc.,Los Alamos National Security LLC
Genomic Health Inc.,NSABP Foundation Inc.
Fundação Hemocentro de Ribeirão Preto,Universidade de Sao Paulo - USP.
Icagen Inc.,Pfizer Limited
The Kitasato Institute,Nippon Chemiphar Co. Ltd.
Reaction Biology Corp.,Fox Chase Cancer Center
Universite Paris SUD,MERIAL INC.
University of Utah Research Foundation,BioFire Diagnostics Inc.
QURIENT CO. LTD.,Institut Pasteur
ZOLL Circulation Inc.,The Regents of the University of California
Lawrence Livermore National Security LLC.,The Regents of the University of California
AstraZeneca AB,Bayer Pharma Aktiengesellschaft
The Goodyear Tire & Rubber Company,Danisco US Inc.
Duke University,University of Alabama at Birmingham Research Foundation
Duke University,Los Alamos National Security LLC
Genentech Inc.,Curis Inc.
Agency for Science Technology and Research,International Business Machines Corporation
Inserm (Institut National de la Sante et de la Recherche Medicale),The Regents of the University of California
Mayo Foundation for Medical Education and Research,Apollo Endosurgery Inc.
Mayo Foundation for Medical Education and Research,Arizona Board of Regents a Body Corporate of the State of Arizona Acting for and on Behalf of Arizona State University
Bringham Young University,The Scripps Research Institute
Savannah River Nuclear Solutions LLC,Georgia Health Science University Research Institute Inc.
The Scripps Research Institute,Whitehead Institute
Board of Supervisors of Louisiana State University and Agricultural and Mechanical College,B.V. Patel Pharmaceutical Education & Research Development (PERD) Centre
Jiangsu Hengyi Pharmaceutical Co. Ltd.,SHANGHAI INSTITUTE OF PHARMACEUTICAL INDUSTRY
Tomtec Imaging Systems GmbH,Aida S.R.L
Institut Curie,AB Science
Amylin Pharmaceuticals LLC,Astrazeneca Pharmaceuticals LP
The Administrators of the Tulane,Educational Fund and Autoimmune Technologies LLC
IRM LLC,Novartis AG
Southern College of Optometry,University of Memphis Research Foundation
K.U. Leuven Research & Development,Gerhard Puerstinger
Fox Chase Cancer Center,The Regents of the University of California
The Regents of The University of Michigan,Research Foundation of State University of New York
The Regents of The University of Michigan,Ludwig Institute for Cancer Research Ltd.
The Regents of The University of Michigan,CytoPherx Inc.
Global Blood Therapeutics Inc.,The Regents of the University of California
Instituto de Medicina Molecular Faculdade de Medicina da Universidade de Lisboa,Cenix Bioscience GmbH
UNIVERISTY HEALTH NETWORK,Tufts University 
ChromaDex Inc.,The Regents of the University of California
SHANDONG UNIVERSITY,Shanghai Jiao Tong University
Quest PharmaTech Inc.,The Regents of the University of California
The Regents of the University of California,Singulex Inc.
The Regents of the University of California,Integra Lifesciences Corporation
Novartis AG,Xoma Technology Ltd.
Novartis AG,Emisphere Technologies Inc.
Epizyme Inc.,Eisai R&D Management Co. Ltd.
The United States of America DBA The Department of Veteran Affairs,Oregon Health & Science University
Second Military Medical University PLA,EAST CHINA UNIVERSITY OF SCIENCE AND TECHNOLOGY
Yissum Research Development Company of the Hebrew University of Jerusalem Ltd.,Beeologics Inc.
Los Alamos National Security LLC,University of Alabama at Birmingham Research Foundation
Blood Center Research Foundation,The Medical College of Wisconsin Inc.
PIERRE FABRE MEDICAMENT,COMMISSARIAT A L'ENERGIE ATOMIQUE ET AUX ENERGIES ALTERNATIVES
E.I. duPont de Nemours and Company,Pioneer Bred International Inc
COMMISSARIAT A L'ENERGIE ATOMIQUE ET AUX ENERGIES ALTERNATIVES,Elicityl
